{
  "project_info": {
    "project_number": "258029290980",
    "firebase_url": "https://cookhook-7956b.firebaseio.com",
    "project_id": "cookhook-7956b",
    "storage_bucket": "cookhook-7956b.appspot.com"
  },
  "client": [
    {
      "client_info": {
        "mobilesdk_app_id": "1:258029290980:android:8591bbfb9d371956",
        "android_client_info": {
          "package_name": "sarojbardewa.com.cookhook"
        }
      },
      "oauth_client": [
        {
          "client_id": "258029290980-u5qp155clnoc6e5shi4vfbcr4n8cusj1.apps.googleusercontent.com",
          "client_type": 1,
          "android_info": {
            "package_name": "sarojbardewa.com.cookhook",
            "certificate_hash": "dc0d04be269ce0cbb868e50c0d8dcc7ab690f616"
          }
        },
        {
          "client_id": "258029290980-g3ml7755clb5u06bhoeg8ofqo0uvdbv5.apps.googleusercontent.com",
          "client_type": 3
        }
      ],
      "api_key": [
        {
          "current_key": "AIzaSyCWIu5b5TmhNyE0-wysUXRJzqfCjn7zjvc"
        }
      ],
      "services": {
        "analytics_service": {
          "status": 1
        },
        "appinvite_service": {
          "status": 2,
          "other_platform_oauth_client": [
            {
              "client_id": "258029290980-g3ml7755clb5u06bhoeg8ofqo0uvdbv5.apps.googleusercontent.com",
              "client_type": 3
            }
          ]
        },
        "ads_service": {
          "status": 2
        }
      }
    }
  ],
  "configuration_version": "1"
}